id;eun_db_id;firstname;lastname;salutation;main_contract_email;extra_contract_email;language_mother_tongue;language_other;description;website;mobile;phone;social_network_contacts;status;gdpr_status;last_login_date
1;9797;Jewelery utilize;Togo architectures;92101;transform;asymmetric Incredible empower;blue;Buckinghamshire bypass;time-frame;programming Planner;connect;1-719-226-9954;New;interactive grey services;SYS_FLAGGED_INACTIVE;2023-04-28
2;88462;CFA United Central;Guiana Cotton;87816;Generic;Loan dedicated array;Road Consultant withdrawal;leverage Analyst;Frozen;Ergonomic Tasty compress;Administrator;378-821-8141 x280;Manager;bandwidth;ANONYMIZED;2023-04-27
3;23214;Concrete;Small;41005;e-business Ergonomic customized;hacking;Tasty;Bedfordshire paradigms PCI;National Pataca;Visionary Central connecting;Bike;1-585-974-4143 x884;Buckinghamshire;programming;SYS_FLAGGED_INACTIVE;2023-04-28
4;7742;Keyboard;Investment users Pants;94519;Computers Mississippi Ways;auxiliary scale invoice;Forint;Borders Avon;Lead;connect navigating synergies;gold Dong Response;(878) 420-4072;Salad;complexity;ANONYMIZED;2023-04-28
5;96548;Virginia relationships Dakota;Granite Avon Customer-focused;37843;Swedish neural FTP;frame;back;Maryland;neural Plains;Mouse parse Configuration;Center Wyoming Keyboard;1-430-477-9499 x011;Malawi;Stand-alone Steel;USER_REQUESTED_ANON;2023-04-27
6;41424;Auto Optimization;Island;29409;of distributed Bridge;Robust;Refined payment;transition collaborative Estonia;compressing;compressing Incredible;Investment;564-983-1548;up JBOD Bedfordshire;Sleek protocol;USER_REQUESTED_ANON;2023-04-28
7;71884;projection Books Canadian;matrix Product;32403;Synergized;silver enable Saint;Legacy;aggregate Optimized;Concrete Paradigm;Senior bottom-line FTP;monetize multi-byte Eritrea;1-437-349-6062 x7745;reboot multi-tasking;digital;USER_REQUESTED_ANON;2023-04-27
8;36356;Key;Frozen incubate;43414;extensible;Cyprus Sweden;Administrator innovative pink;indigo Frozen protocol;flexibility Strategist convergence;Refined cutting-edge up;Arizona Plastic;401-522-5672;Principal Programmable;Berkshire up;IDENTIFIABLE;2023-04-27
9;68722;Denmark Avon;silver Intelligent encompassing;98157;Extended bluetooth;Producer value-added;Poland portals portals;Grocery;Pula Developer;indigo Engineer state;Forks;1-439-967-1911 x851;quantifying Haven;parse Idaho;ANONYMIZED;2023-04-27
10;43173;invoice;Kip Czech;31003;Accountability Netherlands;product Steel Coordinator;collaborative;monitor;Health;Steel paradigms e-business;Tuna;691.906.8182 x51931;initiatives Azerbaijanian;Dollar;SYS_FLAGGED_INACTIVE;2023-04-28
